Workbook

Sheet Registro de Viagens
A1: Data | B1: Mês | C1: Condutor | D1: Origem | E1: Destino | F1: KM Inicial | G1: KM Final | H1: KM Rodados | I1: Total Reembolso | J1: Motivo/Missão
A2: 5 | B2: Junho | C2: Vinícius Matos Benjamin Leal | D2: MACEIO | E2: ARAPIRACA | F2: 100 | G2: 356 | H2: =G2-F2 -> 256 | I2: =H2*Configuração!$B$9 -> 229.12 | J2: MINISTERIO EXTRA LOCAL
A3: 17 | B3: Junho | C3: Vinícius Matos Benjamin Leal | D3: MACEIO | E3: ARAPIRACA | F3: 356 | G3: 612 | H3: =G3-F3 -> 256 | I3: =H3*Configuração!$B$9 -> 229.12 | J3: VISITA MÁRIO FAGUNDES
A4: 22 | B4: Junho | C4: Vinícius Matos Benjamin Leal | D4: MACEIO | E4: RECIFE | F4: 612 | G4: 1124 | H4: =G4-F4 -> 512 | I4: =H4*Configuração!$B$9 -> 458.24 | J4: LEVAR MARIO AO RECIFE
H5: =G5-F5 -> 0 | I5: =H5*Configuração!$B$9 -> 0
H6: =G6-F6 -> 0 | I6: =H6*Configuração!$B$9 -> 0
H7: =G7-F7 -> 0 | I7: =H7*Configuração!$B$9 -> 0
H8: =G8-F8 -> 0 | I8: =H8*Configuração!$B$9 -> 0
H9: =G9-F9 -> 0 | I9: =H9*Configuração!$B$9 -> 0
H10: =G10-F10 -> 0 | I10: =H10*Configuração!$B$9 -> 0
H11: =G11-F11 -> 0 | I11: =H11*Configuração!$B$9 -> 0
H12: =G12-F12 -> 0 | I12: =H12*Configuração!$B$9 -> 0
H13: =G13-F13 -> 0 | I13: =H13*Configuração!$B$9 -> 0
H14: =G14-F14 -> 0 | I14: =H14*Configuração!$B$9 -> 0
H15: =G15-F15 -> 0 | I15: =H15*Configuração!$B$9 -> 0
H16: =G16-F16 -> 0 | I16: =H16*Configuração!$B$9 -> 0
... H1999: =G1999-F1999 -> 0 | I1999: =H1999*Configuração!$B$9 -> 0

Sheet Resumo Automático
A1: RESUMO DETALHADO POR VIAGEM E CONDUTOR
A2: Condutor | B2: Mês | C2: Destino | D2: Motivo | E2: KM | F2: Valor
A3: ='Registro de Viagens'!C2 -> Vinícius Matos Benjamin Leal | B3: ='Registro de Viagens'!B2 -> Junho | C3: ='Registro de Viagens'!E2 -> ARAPIRACA | D3: ='Registro de Viagens'!J2 -> MINISTERIO EXTRA LOCAL | E3: ='Registro de Viagens'!H2 -> 256 | F3: ='Registro de Viagens'!I2 -> 229.12
A4: ='Registro de Viagens'!C3 -> Vinícius Matos Benjamin Leal | B4: ='Registro de Viagens'!B3 -> Junho | C4: ='Registro de Viagens'!E3 -> ARAPIRACA | D4: ='Registro de Viagens'!J3 -> VISITA MÁRIO FAGUNDES | E4: ='Registro de Viagens'!H3 -> 256 | F4: ='Registro de Viagens'!I3 -> 229.12
A5: ='Registro de Viagens'!C4 -> Vinícius Matos Benjamin Leal | B5: ='Registro de Viagens'!B4 -> Junho | C5: ='Registro de Viagens'!E4 -> RECIFE | D5: ='Registro de Viagens'!J4 -> LEVAR MARIO AO RECIFE | E5: ='Registro de Viagens'!H4 -> 512 | F5: ='Registro de Viagens'!I4 -> 458.24
A6: ='Registro de Viagens'!C5 -> 0 | B6: ='Registro de Viagens'!B5 -> 0 | C6: ='Registro de Viagens'!E5 -> 0 | D6: ='Registro de Viagens'!J5 -> 0 | E6: ='Registro de Viagens'!H5 -> 0 | F6: ='Registro de Viagens'!I5 -> 0
A7: ='Registro de Viagens'!C6 -> 0 | B7: ='Registro de Viagens'!B6 -> 0 | C7: ='Registro de Viagens'!E6 -> 0 | D7: ='Registro de Viagens'!J6 -> 0 | E7: ='Registro de Viagens'!H6 -> 0 | F7: ='Registro de Viagens'!I6 -> 0
A8: ='Registro de Viagens'!C7 -> 0 | B8: ='Registro de Viagens'!B7 -> 0 | C8: ='Registro de Viagens'!E7 -> 0 | D8: ='Registro de Viagens'!J7 -> 0 | E8: ='Registro de Viagens'!H7 -> 0 | F8: ='Registro de Viagens'!I7 -> 0
A9: ='Registro de Viagens'!C8 -> 0 | B9: ='Registro de Viagens'!B8 -> 0 | C9: ='Registro de Viagens'!E8 -> 0 | D9: ='Registro de Viagens'!J8 -> 0 | E9: ='Registro de Viagens'!H8 -> 0 | F9: ='Registro de Viagens'!I8 -> 0
A10: ='Registro de Viagens'!C9 -> 0 | B10: ='Registro de Viagens'!B9 -> 0 | C10: ='Registro de Viagens'!E9 -> 0 | D10: ='Registro de Viagens'!J9 -> 0 | E10: ='Registro de Viagens'!H9 -> 0 | F10: ='Registro de Viagens'!I9 -> 0
A11: ='Registro de Viagens'!C10 -> 0 | B11: ='Registro de Viagens'!B10 -> 0 | C11: ='Registro de Viagens'!E10 -> 0 | D11: ='Registro de Viagens'!J10 -> 0 | E11: ='Registro de Viagens'!H10 -> 0 | F11: ='Registro de Viagens'!I10 -> 0
A12: ='Registro de Viagens'!C11 -> 0 | B12: ='Registro de Viagens'!B11 -> 0 | C12: ='Registro de Viagens'!E11 -> 0 | D12: ='Registro de Viagens'!J11 -> 0 | E12: ='Registro de Viagens'!H11 -> 0 | F12: ='Registro de Viagens'!I11 -> 0
A13: ='Registro de Viagens'!C12 -> 0 | B13: ='Registro de Viagens'!B12 -> 0 | C13: ='Registro de Viagens'!E12 -> 0 | D13: ='Registro de Viagens'!J12 -> 0 | E13: ='Registro de Viagens'!H12 -> 0 | F13: ='Registro de Viagens'!I12 -> 0
A14: ='Registro de Viagens'!C13 -> 0 | B14: ='Registro de Viagens'!B13 -> 0 | C14: ='Registro de Viagens'!E13 -> 0 | D14: ='Registro de Viagens'!J13 -> 0 | E14: ='Registro de Viagens'!H13 -> 0 | F14: ='Registro de Viagens'!I13 -> 0
... A100: ='Registro de Viagens'!C99 -> 0 | B100: ='Registro de Viagens'!B99 -> 0 | C100: ='Registro de Viagens'!E99 -> 0 | D100: ='Registro de Viagens'!J99 -> 0 | E100: ='Registro de Viagens'!H99 -> 0 | F100: ='Registro de Viagens'!I99 -> 0

Sheet Configuração
A1: CONFIGURAÇÃO DE CUSTOS
A2: Preço da Gasolina (R$/Litro) | B2: 6.7
A3: Consumo Médio (KM/Litro) | B3: 10
A4: Custo de Combustível por KM | B4: =B2/B3 -> 0.67
A5: Troca de Óleo por KM | B5: 0.035
A6: Pneus por KM | B6: 0.04
A7: Manutenção Geral por KM | B7: 0.1
A8: Lavagem por KM | B8: 0.05
A9: TOTAL CUSTO POR KM | B9: =SUM(B4:B8) -> 0.895
A11: LISTA DE CONDUTORES
A12: Claudevan Henrique de Almeida Júnior
A13: Luiz Henrique da Silva Feitosa
A14: Vinícius Matos Benjamin Leal
